{
    "ADAMS COUNTY DET CENTER": [
        39.87376022338867,
        -104.33663177490234
    ],
    "ADELANTO ICE PROCESSING CENTER": [
        34.579219818115234,
        -117.41010284423828
    ],
    "ALLEN PARISH PUBLIC SAFETY COMPLEX": [
        30.65271759033203,
        -92.82797241210938
    ],
    "ANNEX - FOLKSTON IPC": [
        30.851665496826172,
        -81.92896270751953
    ],
    "BAKER COUNTY SHERIFF'S OFFICE": [
        30.2947,
        -82.12409
    ],
    "BERGEN COUNTY JAIL": [
        40.873416900634766,
        -74.03999328613281
    ],
    "BERKS COUNTY FAMILY SHELTER": [
        40.41633605957031,
        -75.9260482788086
    ],
    "BOONE COUNTY JAIL": [
        38.96998596191406,
        -84.7278823852539
    ],
    "BRISTOL COUNTY DETENTION CENTER": [
        41.757144927978516,
        -71.08846282958984
    ],
    "BROWARD TRANSITIONAL CENTER": [
        26.152246475219727,
        -80.48703002929688
    ],
    "BUFFALO (BATAVIA) SERVICE PROCESSING CENTER": [
        42.885440826416016,
        -78.87846374511719
    ],
    "BUTLER COUNTY JAIL": [
        39.438636779785156,
        -84.5758285522461
    ],
    "CALHOUN COUNTY CORRECTIONAL CENTER": [
        33.77138137817383,
        -85.82611083984375
    ],
    "CAMBRIA COUNTY JAIL": [
        37.35067,
        -121.90684
    ],
    "CAROLINE DETENTION FACILITY": [
        -40.87984085083008,
        145.45004272460938
    ],
    "CATAHOULA CORRECTIONAL CENTER": [
        31.66635513305664,
        -91.84686279296875
    ],
    "CCA, FLORENCE CORRECTIONAL CENTER": [
        43.782371520996094,
        11.254989624023438
    ],
    "CHASE COUNTY DETENTION FACILITY": [
        38.30203628540039,
        -96.59385681152344
    ],
    "CHIPPEWA COUNTY SSM": [
        46.48027038574219,
        -84.36553955078125
    ],
    "CIBOLA COUNTY CORRECTIONAL CENTER": [
        34.9123649597168,
        -108.00005340576172
    ],
    "CLAY COUNTY JAIL": [
        39.31047058105469,
        -94.42093658447266
    ],
    "CLINTON COUNTY CORRECTIONAL FACILITY": [
        39.41497039794922,
        -83.80847930908203
    ],
    "COASTAL BEND DETENTION FACILITY": [
        28.4356632232666,
        -97.75660705566406
    ],
    "DENVER CONTRACT DETENTION FACILITY": [
        39.74000930786133,
        -104.99201965332031
    ],
    "DENVER CONTRACT DETENTION FACILITY (CDF) II": [
        39.74000930786133,
        -104.99201965332031
    ],
    "DODGE COUNTY JAIL": [
        43.4162712097168,
        -88.70751190185547
    ],
    "EDEN DETENTION CENTER": [
        31.55936,
        -93.46374
    ],
    "EL PASO SERVICE PROCESSING CENTER": [
        31.759159088134766,
        -106.48748779296875
    ],
    "EL VALLE DETENTION FACILITY": [
        8.607789993286133,
        -80.13275909423828
    ],
    "ELIZABETH CONTRACT DETENTION FACILITY": [
        40.66381072998047,
        -74.21144104003906
    ],
    "ELOY FEDERAL CONTRACT FACILITY": [
        32.752418518066406,
        -111.55554962158203
    ],
    "ESSEX COUNTY CORRECTIONAL FACILITY": [
        40.786922454833984,
        -74.24647521972656
    ],
    "ETOWAH COUNTY JAIL (ALABAMA)": [
        32.766502380371094,
        -86.8403091430664
    ],
    "FLORENCE SERVICE PROCESSING CENTER": [
        43.782371520996094,
        11.254989624023438
    ],
    "FREEBORN COUNTY ADULT DETENTION CENTER": [
        43.67384338378906,
        -93.3488540649414
    ],
    "GEAUGA COUNTY JAIL": [
        34.59773,
        -83.3163
    ],
    "GLADES COUNTY DETENTION CENTER": [
        26.95641326904297,
        -81.18888854980469
    ],
    "HALL COUNTY DEPARTMENT OF CORRECTIONS": [
        34.31681823730469,
        -83.81964111328125
    ],
    "HARDIN COUNTY JAIL": [
        37.6978874206543,
        -85.96334838867188
    ],
    "HENDERSON DETENTION CENTER": [
        31.55936,
        -93.46374
    ],
    "HOUSTON CONTRACT DETENTION FACILITY": [
        29.76058006286621,
        -95.36968231201172
    ],
    "HOWARD COUNTY DETENTION CENTER": [
        39.251129150390625,
        -76.93125915527344
    ],
    "HUDSON COUNTY CORRECTIONAL CENTER": [
        40.73016357421875,
        -74.07564544677734
    ],
    "IAH SECURE ADULT DETENTION FACILITY (POLK)": [
        -15.225799560546875,
        -64.93360137939453
    ],
    "IMMIGRATION CENTERS OF AMERICA FARMVILLE": [
        37.301979064941406,
        -78.3926010131836
    ],
    "IMPERIAL REGIONAL DETENTION FACILITY": [
        -40.87984085083008,
        145.45004272460938
    ],
    "IRWIN COUNTY DETENTION CENTER": [
        31.60228729248047,
        -83.27632141113281
    ],
    "JACKSON PARISH CORRECTIONAL CENTER": [
        32.30198669433594,
        -92.55763244628906
    ],
    "JOE CORLEY ICE PROCESSING CENTER": [
        52.464908599853516,
        -1.5589200258255005
    ],
    "JOHNSON COUNTY CORRECTIONS CENTER": [
        38.88377380371094,
        -94.82222747802734
    ],
    "KANDIYOHI COUNTY JAIL": [
        45.27272,
        -94.87554
    ],
    "KANKAKEE COUNTY JAIL (JEROME COMBS DET CTR)": [
        41.13771438598633,
        -87.86181640625
    ],
    "KARNES COUNTY RESIDENTIAL CENTER": [
        28.905630111694336,
        -97.85942077636719
    ],
    "KAY COUNTY JUSTICE FACILITY": [
        36.8180046081543,
        -97.14386749267578
    ],
    "KENOSHA COUNTY DETENTION CENTER": [
        42.577239990234375,
        -87.69383239746094
    ],
    "KROME NORTH SERVICE PROCESSING CENTER": [
        49.68975067138672,
        -102.02889251708984
    ],
    "LAREDO PROCESSING CENTER": [
        27.530920028686523,
        -99.50222778320312
    ],
    "LASALLE CORR CTR OLLA": [
        31.903839111328125,
        -92.24201202392578
    ],
    "LASALLE ICE PROCESSING CENTER (JENA)": [
        50.92695999145508,
        11.586339950561523
    ],
    "LIMESTONE COUNTY DETENTION CENTER": [
        34.81004333496094,
        -86.98139953613281
    ],
    "MAIN - FOLKSTON IPC (D RAY JAMES)": [
        30.82971,
        -82.01435
    ],
    "MCHENRY COUNTY CORRECTIONAL FACILITY": [
        42.32435607910156,
        -88.45243072509766
    ],
    "MESA VERDE ICE PROCESSING CENTER": [
        37.33171844482422,
        -108.41557312011719
    ],
    "MONROE COUNTY DETENTION CENTER": [
        43.30011749267578,
        -77.6794204711914
    ],
    "MONROE COUNTY DETENTION-DORM": [
        43.30011749267578,
        -77.6794204711914
    ],
    "MONTGOMERY COUNTY JAIL": [
        36.4970588684082,
        -87.38288879394531
    ],
    "MONTGOMERY ICE PROCESSING CENTER": [
        32.380149841308594,
        -86.30007934570312
    ],
    "MORGAN COUNTY ADULT DETENTION CENTER": [
        34.453460693359375,
        -86.8528823852539
    ],
    "MORROW COUNTY CORRECTIONAL FACILITY": [
        40.5240592956543,
        -82.79398345947266
    ],
    "NEVADA SOUTHERN DETENTION CENTER": [
        39.35641860961914,
        -116.65541076660156
    ],
    "NYE COUNTY DETENTION CENTER, SOUTHERN (PAHRUMP)": [
        36.21356964111328,
        -115.99140930175781
    ],
    "OKMULGEE COUNTY JAIL": [
        35.6466064453125,
        -95.96427917480469
    ],
    "ORANGE COUNTY JAIL": [
        33.70304489135742,
        -117.76130676269531
    ],
    "OTAY MESA DETENTION CENTER (SAN DIEGO CDF)": [
        32.71567916870117,
        -117.16171264648438
    ],
    "OTERO COUNTY PROCESSING CENTER": [
        32.613162994384766,
        -105.74142456054688
    ],
    "PIKE COUNTY CORRECTIONAL FACILITY": [
        41.33202362060547,
        -75.03382110595703
    ],
    "PINE PRAIRIE ICE PROCESSING CENTER": [
        30.782779693603516,
        -92.4255599975586
    ],
    "PLYMOUTH COUNTY CORRECTIONAL FACILITY": [
        41.95393371582031,
        -70.80513000488281
    ],
    "POLK COUNTY JAIL": [
        27.948881149291992,
        -81.69776153564453
    ],
    "PORT ISABEL": [
        26.077430725097656,
        -97.2083969116211
    ],